<?xml version="1.0" encoding="UTF-8"?>
<project-private xmlns="http://www.netbeans.org/ns/project-private/1">
    <editor-bookmarks xmlns="http://www.netbeans.org/ns/editor-bookmarks/2" lastBookmarkId="0"/>
    <open-files xmlns="http://www.netbeans.org/ns/projectui-open-files/2">
        <group>
            <file>file:/home/roman/NetBeansProjects/CSC145_Spring2022_Exam1_Campbell_Roman/src/csc145exam1/Rectangle_Campbell_Roman.java</file>
            <file>file:/home/roman/NetBeansProjects/CSC145_Spring2022_Exam1_Campbell_Roman/src/csc145exam1/Main.java</file>
            <file>file:/home/roman/NetBeansProjects/CSC145_Spring2022_Exam1_Campbell_Roman/src/csc145exam1/Calculable.java</file>
            <file>file:/home/roman/NetBeansProjects/CSC145_Spring2022_Exam1_Campbell_Roman/src/csc145exam1/Triangle_Campbell_Roman.java</file>
            <file>file:/home/roman/NetBeansProjects/CSC145_Spring2022_Exam1_Campbell_Roman/src/csc145exam1/Circle_Campbell_Roman.java</file>
            <file>file:/home/roman/NetBeansProjects/CSC145_Spring2022_Exam1_Campbell_Roman/src/csc145exam1/Parallelogram_Campbell_Roman.java</file>
        </group>
    </open-files>
</project-private>
